	MEASURES	Lower bound	Mean	Upper bound	Relative error
0	Res users	0.7110662584284085	1.3	1.8889337415715914	0.4530259550550704
1	Avg users	0.6572255436163394	0.7236987912758992	0.790172038935459	0.09185209158960418
2	Arrivals	193.1650416453594	204.2	215.23495835464058	0.054039952765135124
3	Departures	186.55457551361872	194.6	202.64542448638127	0.04134339407184627
4	Delay	3.4614406000871667	3.7005624679736444	3.939684335860122	0.0646177087823668
5	Res queue	0.7110662584284085	1.3	1.8889337415715914	0.4530259550550704
6	Losses	4.169196682665699	8.3	12.430803317334302	0.49768714666678326
7	S1 Calls	88.13886449905971	92.5	96.86113550094029	0.04714741082097611
8	S2 Calls	96.0512853382718	103.3	110.5487146617282	0.07017148752883055
