	MEASURES	Lower bound	Mean	Upper bound	Relative error
0	Res users	2.1201220955416753	8.1	14.079877904458325	0.738256531414608
1	Avg users	10.503034678356236	13.297338420264536	16.091642162172835	0.21014007868295734
2	Arrivals	1943.9626454890988	1964.6	1985.237354510901	0.01050460883177294
3	Departures	1936.0423766747738	1956.5	1976.9576233252262	0.01045623476883528
4	Delay	53.71497430841594	67.70313759068453	81.69130087295312	0.2066102662307524
5	Res queue	2.1201220955416753	8.1	14.079877904458325	0.738256531414608
6	Losses	0.0	0.0	0.0	
7	S1 Calls	777.6766298589245	797.9	818.1233701410755	0.025345745257645776
8	S2 Calls	1135.3973026884821	1160.5	1185.6026973115179	0.021630932625176947
