	MEASURES	Lower bound	Mean	Upper bound	Relative error
0	Res users	0.7088995711901913	1.4	2.0911004288098085	0.4936431634355776
1	Avg users	0.6280390192950391	0.6705476749222111	0.7130563305493832	0.06339393486392053
2	Arrivals	193.12213131023893	201.2	209.27786868976105	0.04014845273241079
3	Departures	187.43649407505913	194.8	202.1635059249409	0.03780033842372111
4	Delay	3.2774409610523376	3.426402846075515	3.5753647310986922	0.04347471436226274
5	Res queue	0.7088995711901913	1.4	2.0911004288098085	0.4936431634355776
6	Losses	2.6154769801580926	5.0	7.384523019841907	0.47690460396838147
7	S1 Calls	123.8085259171966	129.0	134.19147408280338	0.04024398513801078
8	S2 Calls	62.842442051185074	67.0	71.15755794881493	0.06205310371365556
