	MEASURES	Lower bound	Mean	Upper bound	Relative error
0	Res users	2.6588446204779945	11.8	20.94115537952201	0.7746741847052547
1	Avg users	9.925265135632175	19.062044931416207	28.19882472720024	0.47931792358361724
2	Arrivals	1973.9661957800624	2003.8	2033.6338042199375	0.014888613743855477
3	Departures	1965.6858404102286	1992.0	2018.3141595897714	0.013209919472776766
4	Delay	50.899131351894525	94.6041566030206	138.3091818541467	0.4619778540442125
5	Res queue	2.6588446204779945	11.8	20.94115537952201	0.7746741847052547
6	Losses	0.0	0.0	0.0	
7	S1 Calls	771.9871011334936	796.3	820.6128988665063	0.030532335635446904
8	S2 Calls	1180.9451692782934	1197.6	1214.2548307217064	0.013906839279982
