	MEASURES	Lower bound	Mean	Upper bound	Relative error
0	Res users	1.4736370443434879	2.1	2.726362955656512	0.2982680741221487
1	Avg users	1.7036866451836394	1.9712401050684234	2.238793564953207	0.13572849862218936
2	Arrivals	190.13366360633293	200.1	210.06633639366706	0.04980677857904579
3	Departures	178.80070392989012	185.8	192.7992960701099	0.0376711306249187
4	Delay	9.334192962023955	10.511227609212526	11.688262256401096	0.11197879933234078
5	Res queue	1.4736370443434879	2.1	2.726362955656512	0.2982680741221487
6	Losses	7.200456386693116	12.2	17.199543613306883	0.4097986568284331
