	MEASURES	Lower bound	Mean	Upper bound	Relative error
0	Res users	0.6310144322913329	1.4	2.168985567708667	0.5492754055061907
1	Avg users	1.6642943069474314	1.6973640077567114	1.7304337085659913	0.01948297516511258
2	Arrivals	1949.7133384412602	1996.7	2043.6866615587398	0.02353215884145828
3	Departures	1506.7112163331453	1529.8	1552.8887836668546	0.01509268117849044
4	Delay	11.023868046618533	11.089359198745603	11.154850350872673	0.0059057652433584734
5	Res queue	0.6310144322913329	1.4	2.168985567708667	0.5492754055061907
6	Losses	439.3130948062172	465.5	491.6869051937828	0.05625543543240137
7	S1 Calls	921.8050716755923	935.5	949.1949283244077	0.014639153740681681
8	S2 Calls	584.5558445996338	595.5	606.4441554003662	0.018378094710942466
