	MEASURES	Lower bound	Mean	Upper bound	Relative error
0	Res users	0.7110662584284085	1.3	1.8889337415715914	0.4530259550550704
1	Avg users	1.6897069482666804	1.7084731245955929	1.7272393009245053	0.010984180001868453
2	Arrivals	1972.2025844648033	2004.0	2035.7974155351967	0.015866973819958483
3	Departures	1509.7465356838402	1521.4	1533.05346431616	0.007659697854712728
4	Delay	11.178563254539556	11.227131888536757	11.275700522533958	0.004326005473115601
5	Res queue	0.7110662584284085	1.3	1.8889337415715914	0.4530259550550704
6	Losses	458.515511331481	481.3	504.08448866851904	0.047339473651608205
7	S1 Calls	881.7691026088976	888.1	894.4308973911025	0.007128586185229614
8	S2 Calls	625.582712789211	634.5	643.417287210789	0.014054038157271883
