	MEASURES	Lower bound	Mean	Upper bound	Relative error
0	Res users	0.37216332869376867	0.9	1.4278366713062314	0.586485190340257
1	Avg users	0.6027433447901667	0.6559953979355598	0.709247451080953	0.08117747977040563
2	Arrivals	191.1923967381833	203.0	214.8076032618167	0.05816553330944187
3	Departures	190.48441097864472	202.1	213.71558902135527	0.0574744632427277
4	Delay	3.1007068308355707	3.2370478673997347	3.3733889039638987	0.04211894360205567
5	Res queue	0.37216332869376867	0.9	1.4278366713062314	0.586485190340257
6	Losses	0.0	0.0	0.0	
7	S1 Calls	84.30035178633906	94.2	104.09964821366094	0.10509180693907581
8	S2 Calls	97.41006426999385	108.8	120.18993573000614	0.10468690928314472
